Normal	SPOT	Query
108.22501134222225	16.290947824055557	2000
88.1744370488889	13.272765098972224	6000
84.01951857777779	12.647331484444445	10000
