Normal	Preemptible	Query
122.36067555555559	32.73148071111112	2000
64.95025777777778	17.374193955555555	6000
59.37301333333331	15.882281066666662	10000
